<?xml version="1.0" encoding="UTF-8"?>
<beans xmlns="http://www.springframework.org/schema/beans"
	xmlns:xsi="http://www.w3.org/2001/XMLSchema-instance"
	xsi:schemaLocation="http://www.springframework.org/schema/beans
    http://www.springframework.org/schema/beans/spring-beans-2.5.xsd">
    
   <bean id="address" class="com.demo.Address">
   <property name="AddressLine" value="MG Road"></property>
   <property name="city" value="Pune"></property>
   <property name="Pincode" value="411037"></property>
   
   </bean> 
   <bean id="employee" class="com.demo.Employee"
   dependency-check="simple">
   <property name="FirstName" value="Anil"></property>
   <property name="address" ref ="address"></property>
   
  </bean>  
    </beans>