<?xml version="1.0" encoding="UTF-8"?>
<!DOCTYPE hibernate-configuration SYSTEM
    " http://www.hibernate.org/dtd/hibernate-configuration-3.0.dtd">
   
<hibernate-configuration>
   <session-factory>
   
 <property name="hibernate.connection.driver_class">com.mysql.jdbc.Driver</property>
 <property name="hibernate.connection.url">jdbc:mysql://localhost:3306/demo</property>
 <property name="hibernate.connection.username">root</property>
 <property name="hibernate.connection.password">Anilj@1998</property>
 <property name="hibernate.dialect">org.hibernate.dialect.MySQL8Dialect</property>
 <property name="hbm2ddl.auto">create</property>
 <property name="show_sql">true</property>
 <mapping class="com.example.User"></mapping>
 <mapping class="com.example.Policy"></mapping>
 
   </session-factory>
</hibernate-configuration>